user_id,followers,friends,friend_requests,posts,account_age_days,profile_complete,verified,fraud
1,964,1184,946,493,929,0,1,1
2,1598,1384,38,207,1563,1,0,0
3,997,898,103,259,1984,0,1,0
4,1909,897,654,390,1494,0,0,1
5,259,896,419,185,1387,0,0,0
6,471,898,492,145,485,0,0,0
7,1793,1480,765,18,1523,1,1,0
8,1805,262,324,263,403,1,1,0
9,53,1077,444,392,1761,1,0,0
10,863,973,201,410,1977,0,1,0
11,1700,1181,640,5,1045,0,0,1
12,235,566,156,33,176,1,1,0
13,1300,1428,327,424,1000,1,1,0
14,1592,1177,910,122,1471,1,1,0
15,925,706,290,357,301,1,0,0
16,400,1227,706,127,477,1,1,0
17,1231,32,650,101,504,0,1,0
18,695,148,643,458,118,0,0,1
19,1935,1412,873,313,237,0,0,1
20,635,1140,837,116,1099,0,0,1
21,1109,577,199,220,1782,1,0,0
22,1437,1476,577,487,1264,0,1,1
23,323,1471,973,106,715,0,1,1
24,1037,1192,496,273,167,1,1,0
25,517,762,854,355,1361,0,1,0
26,1686,1404,341,324,406,0,0,1
27,1512,173,776,458,673,0,1,1
28,1,396,444,270,474,0,1,0
29,193,1420,884,351,1861,0,0,1
30,1687,1063,504,422,1542,0,0,1
31,1871,74,860,335,357,1,1,0
32,266,728,523,331,1041,0,1,0
33,1816,1394,189,58,1508,1,0,0
34,667,544,187,295,1107,0,0,0
35,212,1000,339,240,1375,1,0,0
36,1617,1076,208,225,861,1,1,0
37,1778,1233,318,355,616,0,1,0
38,1142,931,750,70,1011,0,1,0
39,1684,805,715,147,989,0,1,0
40,1050,1483,131,225,585,0,1,0
41,139,807,381,191,1159,1,1,0
42,1993,93,863,101,1592,0,1,0
43,1081,1097,299,473,1875,0,1,1
44,564,1157,630,299,983,0,1,1
45,1048,1308,305,64,1448,1,0,0
46,1816,483,545,13,1196,0,1,0
47,375,1294,519,318,1378,0,1,1
48,945,550,621,444,1601,0,1,1
49,822,609,535,421,1522,1,1,0
50,997,217,217,257,402,0,1,0
51,1853,170,607,61,425,0,1,0
52,1764,1453,913,39,176,1,0,1
53,1131,948,218,139,814,0,1,0
54,1480,818,375,168,1359,1,0,0
55,382,414,597,108,1210,1,1,0
56,242,1467,989,207,1469,1,0,1
57,1962,1458,870,26,1780,0,0,1
58,1587,1266,2,355,1870,1,1,0
59,388,147,601,370,639,1,0,0
60,1097,911,258,385,1237,1,0,0
61,1228,561,178,437,1502,0,0,1
62,1028,762,920,471,504,1,1,0
63,1979,1273,821,185,449,1,1,0
64,1581,98,748,484,1704,0,0,1
65,1034,1076,595,289,382,0,0,1
66,784,315,234,361,680,0,0,0
67,234,1318,234,419,306,1,1,0
68,1052,139,874,293,207,1,0,0
69,530,1143,316,191,905,0,1,0
70,378,228,959,473,1,1,0,1
71,1004,750,803,276,200,1,1,0
72,516,1287,900,380,271,1,0,1
73,96,356,480,305,1095,0,0,0
74,1572,1489,806,342,1938,0,0,1
75,967,1189,88,271,827,0,1,0
76,1212,450,705,236,525,0,1,0
77,1779,714,614,174,236,0,0,1
78,379,353,510,441,1055,0,0,1
79,1963,1121,548,271,763,0,1,1
80,1102,830,2,265,1936,0,1,0
81,1230,1463,545,300,101,1,0,1
82,753,861,180,225,1417,0,0,0
83,1370,772,86,454,654,1,1,0
84,1592,1074,184,238,704,0,1,0
85,915,369,733,436,80,0,0,1
86,1647,679,381,37,552,1,0,0
87,1762,1339,711,94,995,0,0,1
88,689,408,165,209,897,0,1,0
89,820,141,114,377,1047,0,1,0
90,166,559,82,19,327,1,0,0
91,408,224,624,160,1897,0,0,1
92,512,1489,502,8,1215,0,0,1
93,1126,200,791,258,622,1,1,0
94,1517,1139,213,120,561,0,0,1
95,1523,508,886,327,1054,0,0,1
96,1679,863,695,438,202,1,0,1
97,228,293,84,14,1768,0,1,0
98,973,519,797,390,1314,0,0,1
99,361,59,743,28,1300,1,1,0
100,855,904,961,329,1187,1,1,0
101,1113,1100,108,354,1107,0,1,0
102,501,1071,174,87,1791,0,0,1
103,264,1472,659,435,1303,1,0,1
104,1238,616,327,6,1960,0,1,0
105,361,128,997,370,378,0,0,1
106,544,742,155,129,1211,1,0,0
107,1795,795,254,437,1960,0,1,0
108,1507,1267,641,132,83,0,0,1
109,1539,147,658,406,1704,0,0,1
110,756,1036,907,217,613,1,1,0
111,329,228,361,383,493,1,0,0
112,458,156,937,399,1483,0,1,0
113,1927,303,453,245,1216,1,0,0
114,829,372,306,396,1533,1,1,0
115,1786,326,902,43,64,0,0,1
116,827,225,339,91,260,1,0,0
117,1644,478,938,488,1428,1,1,0
118,1766,1046,353,403,1095,0,1,1
119,1496,326,896,168,1513,0,1,0
120,1414,1322,191,257,234,0,0,1
121,469,1193,321,130,1692,0,1,0
122,61,1324,848,475,1453,1,1,1
123,418,66,871,367,1895,1,1,0
124,551,346,232,440,1415,1,0,0
125,162,30,401,124,472,0,1,0
126,792,1066,987,11,1883,0,0,1
127,735,725,407,384,1788,0,0,0
128,342,1157,436,468,1736,1,1,0
129,375,1302,956,487,1420,0,0,1
130,1630,481,907,253,1070,1,1,0
131,687,971,434,82,1155,1,0,0
132,721,164,894,488,743,1,1,0
133,1011,946,729,200,1509,1,1,0
134,1591,547,647,326,1282,1,0,0
135,1827,1229,139,333,661,0,1,0
136,265,1069,633,479,93,0,1,1
137,344,105,495,380,780,0,1,0
138,987,191,819,414,81,1,1,0
139,945,1212,960,47,1593,1,0,1
140,156,317,538,55,1438,1,1,0
141,1960,161,989,499,440,0,0,1
142,345,224,416,152,569,0,0,0
143,397,109,939,186,1758,0,0,1
144,1221,645,987,282,737,0,1,0
145,298,305,359,412,1588,1,1,0
146,893,9,915,277,1183,0,1,0
147,387,986,499,466,388,0,0,1
148,1058,1035,719,111,1187,0,0,1
149,1223,1483,823,448,382,0,0,1
150,1987,746,673,106,1550,1,1,0
151,1112,427,856,142,1379,0,0,1
152,260,506,681,151,605,0,1,0
153,859,232,704,127,393,1,1,0
154,1427,1338,937,382,723,0,1,1
155,1658,457,595,31,859,1,1,0
156,1459,731,236,465,1214,0,0,1
157,731,742,917,352,691,1,0,0
158,610,208,375,428,662,1,0,0
159,927,1038,17,91,465,1,0,0
160,1122,389,569,70,509,0,1,0
161,771,1474,160,166,86,0,1,0
162,1981,289,546,246,363,1,1,0
163,156,379,601,22,1719,1,1,0
164,937,45,710,268,1571,0,0,1
165,1967,492,18,31,1901,0,0,0
166,376,478,402,183,1644,0,1,0
167,1235,1403,937,293,1497,1,0,1
168,560,660,353,397,394,0,0,0
169,555,768,561,411,1643,0,0,1
170,36,863,890,17,488,1,0,0
171,834,981,802,268,1591,0,1,0
172,1690,1323,643,162,730,0,0,1
173,1977,267,966,197,446,1,0,0
174,1648,967,171,441,114,1,1,0
175,190,779,1000,15,584,1,1,0
176,1182,351,973,421,1211,0,1,1
177,1169,1377,486,483,1101,1,1,0
178,1178,185,677,347,1801,0,1,0
179,1049,498,418,359,747,0,1,0
180,813,1466,346,218,2000,1,0,0
181,701,621,106,149,195,0,0,0
182,59,1350,730,84,1063,1,1,0
183,1478,490,765,297,327,0,1,0
184,269,380,321,62,1613,1,0,0
185,277,1433,980,363,1380,0,1,1
186,1605,1053,822,120,235,0,1,1
187,229,630,613,286,51,0,1,0
188,1345,301,618,124,1591,1,0,0
189,587,1061,345,126,111,0,0,1
190,847,1301,938,415,1402,1,1,1
191,1576,474,521,206,957,1,1,0
192,273,1118,970,279,407,1,0,1
193,1207,861,49,90,1651,0,0,0
194,1494,1410,994,34,667,1,1,0
195,581,1478,923,204,1323,1,0,1
196,176,28,930,390,585,1,1,0
197,631,48,727,439,304,1,0,1
198,1957,794,402,101,1514,0,0,0
199,1532,1244,339,132,1835,0,0,1
200,1767,1318,504,164,429,1,1,0
201,998,689,126,158,1524,0,1,0
202,1023,1369,751,97,697,0,1,1
203,1310,411,824,84,458,0,0,1
204,338,678,185,162,1460,0,1,0
205,1319,527,709,304,1643,0,1,0
206,1778,890,180,375,595,1,1,0
207,787,1447,324,112,1768,0,1,0
208,546,1351,568,328,1902,1,1,0
209,1608,1073,465,396,1824,0,1,0
210,1589,49,694,251,525,1,1,0
211,803,607,424,487,798,0,0,1
212,1963,1281,394,4,1349,0,0,1
213,324,1019,360,388,651,1,0,0
214,529,1414,218,42,139,1,0,0
215,1809,904,992,373,987,1,1,0
216,1924,123,882,159,1827,1,0,0
217,1543,342,488,401,135,1,1,0
218,1918,539,365,171,851,0,0,0
219,1592,1425,755,293,64,0,1,1
220,804,1135,370,285,1625,1,0,0
221,1663,95,13,153,789,1,0,0
222,665,1450,829,195,126,0,1,1
223,637,258,268,25,680,1,1,0
224,300,955,182,297,1328,0,0,0
225,1296,618,974,263,757,1,0,0
226,549,197,338,428,1723,0,0,1
227,1807,238,158,288,579,0,0,0
228,1002,1352,665,44,1146,0,1,1
229,1921,317,839,371,1028,1,1,0
230,301,1425,844,175,365,1,1,0
231,420,709,901,377,85,0,1,0
232,1699,694,75,127,1814,0,1,0
233,322,609,404,250,531,0,1,0
234,790,441,830,276,309,1,0,0
235,1682,1388,78,131,1458,0,0,1
236,1141,372,521,199,438,1,1,0
237,595,811,212,190,987,0,1,0
238,646,1030,28,303,1259,0,1,0
239,696,1241,439,29,877,1,1,0
240,861,270,22,486,161,1,1,0
241,914,979,989,184,1241,1,1,0
242,1848,901,954,355,1715,1,1,0
243,129,29,192,295,435,0,0,0
244,1281,509,999,72,614,1,0,0
245,1133,538,447,377,649,0,0,0
246,76,404,430,225,299,0,1,0
247,562,415,648,1,1084,1,1,0
248,1123,500,536,297,432,0,1,0
249,1185,1348,716,380,339,0,1,1
250,1514,1251,569,201,897,1,1,0
251,369,1064,428,472,1924,0,1,1
252,1055,693,129,402,1103,0,1,0
253,1931,1057,904,257,1826,1,1,0
254,1351,76,994,238,1742,1,1,0
255,974,406,710,261,1923,1,1,0
256,249,783,645,301,1910,1,1,0
257,721,491,943,417,1360,1,0,1
258,394,572,393,68,456,1,1,0
259,1886,743,712,198,1502,0,1,0
260,1587,892,331,111,1406,1,1,0
261,360,1454,340,448,343,0,1,1
262,1417,1310,567,62,603,0,0,1
263,1006,943,448,45,283,0,0,0
264,262,573,522,12,8,1,1,0
265,604,768,803,7,1283,0,0,1
266,355,1493,210,478,1109,0,0,1
267,1107,444,966,238,1550,0,0,1
268,1824,445,265,331,1198,0,0,0
269,1074,1336,954,331,108,1,0,1
270,253,61,268,147,1444,1,1,0
271,1218,943,675,383,417,0,1,0
272,1455,637,668,52,1206,0,0,1
273,1234,230,802,285,613,1,0,0
274,106,550,130,166,314,1,1,0
275,93,312,622,241,1641,1,0,0
276,1387,830,292,469,1119,0,0,1
277,314,828,10,222,126,1,0,0
278,436,797,474,100,431,1,1,0
279,677,493,603,81,1203,1,1,0
280,478,843,938,72,1552,0,0,1
281,1820,512,907,191,28,0,1,1
282,203,198,198,226,1166,0,1,0
283,928,620,527,240,529,0,0,1
284,902,196,918,402,1362,0,1,1
285,1523,798,128,457,88,1,1,0
286,171,279,591,240,1887,0,1,0
287,1049,287,846,0,866,1,1,0
288,1876,930,751,10,1826,0,1,0
289,1667,767,709,487,1573,1,1,0
290,982,619,543,483,1299,1,0,1
291,855,415,852,467,458,0,0,1
292,1226,1020,367,424,1814,0,0,1
293,943,437,829,395,1783,0,0,1
294,652,1307,546,345,1098,0,0,1
295,53,507,516,22,1295,0,1,0
296,1577,520,944,185,425,0,0,1
297,1337,668,583,49,707,0,0,1
298,1348,1201,58,327,1002,0,1,0
299,367,867,709,391,168,1,0,0
300,1045,258,871,169,1706,0,1,0
301,1005,547,701,273,385,1,1,0
302,60,434,493,47,1949,0,0,0
303,873,363,712,410,480,1,0,1
304,1010,598,744,103,1780,0,1,0
305,953,1,447,89,54,1,1,0
306,186,24,953,382,11,1,0,1
307,1249,655,995,406,1884,0,0,1
308,1406,90,219,215,177,0,1,0
309,1205,1495,364,112,1642,0,1,0
310,319,1144,291,157,1546,0,1,0
311,1424,405,389,429,970,1,0,0
312,1238,1014,342,154,1278,1,0,0
313,779,950,191,469,1781,0,1,0
314,1567,45,507,293,1349,0,1,0
315,1593,557,649,475,671,0,0,1
316,344,792,977,63,119,1,0,0
317,1257,17,650,251,1626,0,1,0
318,604,1146,30,286,1417,0,1,0
319,505,41,760,456,31,0,1,1
320,1360,1124,202,393,1245,0,0,1
321,1183,221,704,83,1314,1,1,0
322,446,344,509,428,333,0,1,1
323,401,630,457,144,1146,0,0,0
324,335,455,799,205,792,0,1,0
325,942,934,195,352,878,1,0,0
326,1595,139,191,15,1893,0,0,0
327,1347,314,111,438,107,1,1,0
328,263,424,881,36,1613,0,1,0
329,45,1188,382,442,856,1,1,0
330,1138,543,428,481,1287,0,1,0
331,738,1005,31,276,821,1,1,0
332,608,339,586,91,1838,0,1,0
333,893,1402,704,78,1069,1,1,0
334,356,629,289,273,998,1,1,0
335,1930,1488,428,456,1047,1,1,0
336,1891,317,631,34,414,1,0,0
337,971,1043,512,186,1034,0,0,1
338,1213,108,483,183,692,0,0,0
339,1420,16,768,46,913,0,0,1
340,500,1117,585,372,212,0,0,1
341,868,559,725,371,1475,1,1,0
342,1540,740,226,277,1273,0,0,0
343,1824,592,859,439,1042,0,1,1
344,909,667,939,119,1011,0,0,1
345,1327,1263,916,234,1728,0,1,1
346,472,1073,944,376,838,0,0,1
347,296,1076,398,238,1340,1,0,0
348,58,180,441,369,700,0,1,0
349,932,1392,723,294,1804,0,1,1
350,471,1250,839,330,330,1,1,0
351,1427,1373,489,410,1552,1,1,0
352,231,1297,832,261,252,1,0,1
353,1709,118,266,217,1731,0,0,0
354,493,785,155,379,544,1,1,0
355,486,154,434,241,940,0,1,0
356,504,378,861,368,751,1,1,0
357,1623,453,811,347,1747,0,0,1
358,481,1223,629,405,1319,1,1,1
359,851,167,117,304,168,0,1,0
360,641,777,500,240,101,0,1,0
361,1955,343,981,386,1847,0,0,1
362,1569,589,848,141,443,0,0,1
363,1074,737,985,226,1498,1,0,0
364,1778,400,690,482,113,0,1,1
365,871,1051,873,456,403,1,1,1
366,1989,5,252,85,610,0,1,0
367,1122,1270,197,442,1828,0,1,1
368,1851,1016,765,224,1673,1,1,0
369,1887,494,548,473,1099,1,0,1
370,568,1384,490,385,98,1,1,0
371,1062,10,16,478,601,0,0,1
372,79,849,413,472,296,1,1,0
373,1933,1049,659,500,1749,1,1,1
374,1551,423,209,78,1978,1,0,0
375,1220,1022,332,216,1504,1,0,0
376,246,1474,736,128,1825,0,0,1
377,498,504,622,421,626,0,1,1
378,1945,1161,269,132,1134,0,1,0
379,514,383,465,438,114,1,1,0
380,1135,241,821,193,1142,0,0,1
381,1085,290,832,8,716,1,0,0
382,69,965,657,466,768,0,0,1
383,1625,412,931,218,1982,0,1,0
384,1949,21,573,244,717,0,0,1
385,583,1116,939,338,1936,1,0,1
386,1269,855,784,230,157,1,1,0
387,1858,1154,567,485,552,1,0,1
388,324,1122,84,136,266,0,1,0
389,1781,853,335,448,1508,0,1,0
390,1513,1481,187,426,619,1,0,1
391,243,93,66,320,1866,0,0,0
392,1241,746,554,425,308,0,1,1
393,1248,368,238,212,832,0,0,0
394,1994,1493,622,208,460,0,1,1
395,433,411,1,406,541,1,1,0
396,1871,380,259,305,1536,0,1,0
397,21,1449,586,344,975,0,0,1
398,1610,838,935,498,951,1,0,1
399,1839,758,926,200,980,0,0,1
400,184,1230,666,239,1119,1,1,0
401,681,835,24,48,1400,1,0,0
402,353,162,189,165,515,0,0,0
403,0,461,671,114,1748,1,0,1
404,177,890,948,232,1947,1,0,0
405,1206,1172,727,184,1135,1,0,1
406,1217,145,863,465,1431,0,1,1
407,1590,1235,884,487,700,1,0,1
408,1171,782,343,411,1442,0,0,1
409,171,1381,506,281,345,0,0,1
410,1466,920,434,80,718,1,1,0
411,1224,69,665,169,1839,0,0,1
412,781,1451,821,170,395,1,0,1
413,1197,1199,77,334,906,0,0,1
414,1508,1366,970,340,1247,1,0,1
415,1600,758,877,281,90,1,0,0
416,1075,129,680,329,808,1,0,0
417,1232,1123,505,0,389,1,0,1
418,1105,370,608,381,1680,1,1,0
419,496,216,192,29,1679,1,1,0
420,1999,474,266,420,284,0,0,1
421,1438,801,652,224,591,0,1,0
422,870,1425,532,383,1519,0,0,1
423,972,663,105,251,9,0,1,0
424,1834,916,443,291,1214,1,1,0
425,276,1466,556,63,558,0,1,1
426,1439,1309,264,425,671,1,0,1
427,1607,718,364,81,1096,1,1,0
428,1761,1007,921,334,1000,1,1,0
429,1846,201,41,74,1774,0,0,0
430,1396,986,73,74,22,1,0,0
431,1802,601,726,382,998,0,0,1
432,1712,398,817,418,1794,0,1,1
433,580,863,753,468,539,1,1,0
434,1882,128,204,199,1810,1,0,0
435,357,1272,63,68,1712,1,0,0
436,1909,139,249,270,839,0,0,0
437,1744,1302,564,274,1504,1,1,0
438,1039,240,627,32,1646,1,1,0
439,1883,386,540,314,1029,1,0,0
440,1343,842,524,282,1287,0,1,0
441,80,489,719,254,867,1,1,0
442,1748,1198,552,342,1630,0,0,1
443,998,603,823,497,478,1,1,0
444,93,1279,559,265,91,0,0,1
445,1662,481,562,496,1079,0,0,1
446,870,1087,585,288,141,0,1,1
447,1368,594,673,107,650,0,1,0
448,891,985,110,422,153,0,1,0
449,1648,256,667,325,6,0,1,1
450,1012,448,75,228,1880,0,1,0
451,1176,9,287,47,1516,1,1,0
452,1114,1259,145,156,758,0,0,1
453,96,235,2,238,887,0,1,0
454,1280,22,278,65,277,1,0,0
455,430,864,684,367,345,1,1,0
456,142,527,31,213,135,1,1,0
457,1886,1475,225,139,1090,0,1,0
458,432,523,817,360,803,1,0,0
459,106,286,595,159,1447,0,1,0
460,1467,103,302,41,59,1,1,0
461,29,577,175,147,1028,0,1,0
462,240,408,303,367,1806,0,0,0
463,1813,230,185,11,98,0,0,0
464,1130,1053,843,201,830,0,1,1
465,411,595,740,170,27,1,0,1
466,1873,622,553,413,1115,1,1,0
467,347,1476,188,494,1155,0,1,1
468,1614,1066,437,313,785,1,0,0
469,564,826,991,180,1135,0,0,1
470,1895,677,591,44,1175,0,1,0
471,1433,57,636,194,340,1,1,0
472,163,813,267,229,147,0,0,0
473,990,1036,970,239,1038,1,1,0
474,1001,699,929,419,1494,1,0,1
475,536,59,658,175,1507,1,0,0
476,1953,306,460,5,352,1,0,0
477,1255,1354,872,155,567,0,0,1
478,1912,1372,404,101,881,0,1,0
479,864,176,158,333,510,0,1,0
480,414,811,296,27,1742,1,1,0
481,1756,916,453,147,1959,0,1,0
482,962,1274,233,290,1276,0,1,0
483,231,676,539,414,1741,0,0,1
484,1212,1459,17,455,273,1,1,0
485,1307,172,345,361,1089,1,1,0
486,1814,549,200,234,166,0,1,0
487,202,6,279,417,913,1,1,0
488,1159,751,193,365,1947,1,0,0
489,995,139,534,323,1312,1,1,0
490,800,53,760,262,1650,0,1,0
491,275,81,503,209,859,1,0,0
492,1455,1228,128,188,1078,0,1,0
493,979,1265,563,339,435,1,0,1
494,1956,615,663,106,1255,0,1,0
495,653,771,634,346,147,0,1,0
496,1285,113,404,309,1475,0,1,0
497,1332,504,381,56,939,1,1,0
498,364,1068,219,31,1037,1,0,0
499,1787,881,972,403,1101,0,0,1
500,1539,1327,227,389,705,0,0,1
501,1361,109,54,352,336,0,1,0
502,1,479,803,182,1482,1,0,1
503,725,1186,664,336,397,0,1,1
504,1333,777,1,500,905,0,1,0
505,1632,1378,552,189,1111,1,0,1
506,721,760,90,437,459,0,1,0
507,261,1277,709,188,1874,0,1,1
508,883,1294,760,209,610,1,0,1
509,388,1067,35,163,1286,0,0,1
510,175,66,156,73,1842,1,0,0
511,271,1491,372,320,246,1,0,0
512,1775,1474,428,78,974,0,0,1
513,729,854,841,165,985,0,0,1
514,896,482,950,430,771,1,0,1
515,1392,760,59,43,955,0,0,0
516,0,1274,193,259,1698,0,1,1
517,10,101,171,436,440,1,1,0
518,1422,580,462,303,580,1,0,0
519,144,548,186,200,50,0,1,0
520,438,1218,341,84,804,1,0,0
521,21,1253,749,254,1292,0,0,1
522,1022,44,342,407,1507,0,0,1
523,1230,625,717,338,1887,1,0,0
524,886,427,867,356,569,0,1,0
525,901,456,415,327,1727,1,1,0
526,1402,1237,207,86,283,0,0,1
527,1034,1315,972,425,1914,1,1,1
528,660,742,371,76,339,1,0,0
529,1985,543,626,446,184,1,1,0
530,539,206,175,239,818,1,0,0
531,1766,244,968,324,1049,0,0,1
532,779,661,952,490,1608,1,1,0
533,559,954,255,30,1830,0,0,0
534,1030,1354,69,155,431,0,0,1
535,397,191,765,382,1434,0,0,1
536,229,413,495,266,73,1,0,0
537,1518,1454,634,195,1039,0,1,1
538,725,646,831,290,147,1,1,0
539,1074,876,444,44,1119,1,1,0
540,508,338,732,465,1852,0,1,1
541,429,58,682,163,591,1,0,0
542,1219,563,482,391,969,1,1,0
543,1299,545,504,441,1863,1,0,1
544,99,576,739,441,1904,1,0,1
545,1897,609,553,190,915,0,0,1
546,995,448,88,277,578,0,0,0
547,25,482,283,497,547,1,0,0
548,1959,527,738,192,31,1,0,0
549,569,830,493,204,64,1,0,0
550,1671,1143,314,64,229,1,0,0
551,837,867,597,106,1523,0,1,0
552,492,145,216,28,131,0,1,0
553,437,1078,33,358,1300,0,1,0
554,791,69,641,408,848,1,1,0
555,1910,600,907,169,1909,1,0,0
556,1413,1168,355,203,1546,1,0,0
557,1595,643,125,262,52,1,0,0
558,1183,858,712,234,1574,1,1,0
559,647,1116,179,34,1999,0,0,1
560,1150,1197,497,158,1235,0,1,0
561,1063,1403,719,195,707,0,1,1
562,1823,1441,826,423,949,1,1,1
563,716,765,125,45,1420,0,0,0
564,842,230,415,158,370,1,0,0
565,952,1091,230,305,1560,0,1,0
566,439,632,83,290,1841,1,1,0
567,641,1182,337,188,1760,0,1,0
568,1146,590,497,175,1398,0,1,0
569,1256,676,248,175,1321,1,1,0
570,810,874,761,91,1334,1,0,0
571,1840,46,183,89,993,1,1,0
572,1184,69,975,272,1361,0,1,0
573,1552,987,575,470,433,1,1,0
574,165,216,761,136,367,1,0,0
575,4,1054,869,18,1827,0,1,1
576,1672,1344,764,119,778,0,0,1
577,1138,620,332,123,1244,0,1,0
578,248,140,272,386,472,1,1,0
579,1505,1262,722,133,578,1,0,1
580,956,399,389,340,1375,0,0,0
581,1546,591,176,170,226,0,1,0
582,85,1190,759,118,1544,1,1,0
583,836,1039,168,275,251,0,0,1
584,595,562,431,441,1145,1,1,0
585,440,203,156,363,957,1,0,0
586,661,206,245,499,1833,0,0,1
587,1406,243,608,177,547,1,1,0
588,1332,905,253,465,141,1,1,0
589,378,1067,872,390,600,1,1,0
590,633,1477,111,255,434,0,1,0
591,1281,38,919,493,393,0,0,1
592,881,1152,915,156,555,1,1,0
593,1295,1384,245,296,1279,0,1,0
594,187,570,327,269,1277,1,1,0
595,630,270,725,234,1639,0,0,1
596,187,496,853,219,1975,0,1,0
597,316,645,37,329,1289,0,0,0
598,1648,1271,442,230,778,1,0,0
599,588,619,462,464,1480,1,1,0
600,1451,7,196,141,964,0,1,0
601,37,250,935,103,1806,1,1,0
602,1063,794,865,103,991,1,1,0
603,871,1185,808,214,461,0,0,1
604,1131,383,45,16,170,1,0,0
605,137,458,957,156,829,0,0,1
606,1337,582,914,128,113,1,1,0
607,1020,956,345,246,1135,1,1,0
608,474,553,619,344,1713,0,1,0
609,64,186,19,387,1825,1,1,0
610,1057,451,357,202,1828,1,0,0
611,1208,1082,565,431,916,0,0,1
612,358,63,89,279,752,0,0,0
613,1344,1175,978,411,329,0,1,1
614,1059,1420,608,487,1707,1,0,1
615,1895,1474,500,82,583,1,1,0
616,717,321,357,351,73,0,1,0
617,676,719,636,494,1263,1,0,1
618,1819,844,530,288,1625,1,1,0
619,504,476,284,491,798,1,1,0
620,764,389,120,102,939,0,0,0
621,1778,241,317,98,1741,1,1,0
622,1550,972,518,290,1843,1,0,0
623,935,878,879,156,1468,1,0,0
624,1417,674,455,436,1148,0,1,0
625,691,1018,76,200,1715,0,1,0
626,1647,761,99,76,548,1,1,0
627,1666,467,851,473,1389,0,1,1
628,904,1283,387,232,1448,0,1,0
629,968,1171,398,99,493,1,0,0
630,340,731,183,110,1666,0,1,0
631,1758,1344,840,110,1688,0,0,1
632,294,1321,957,174,1891,0,1,1
633,1172,164,549,77,243,0,0,1
634,1219,1163,459,81,1837,0,1,0
635,1366,649,905,136,316,1,0,0
636,529,905,124,141,280,0,0,0
637,394,1215,299,364,1582,1,0,0
638,1756,259,387,6,1240,0,0,0
639,1698,585,222,185,1151,0,0,0
640,1868,770,757,339,262,1,1,0
641,341,52,863,392,919,1,1,0
642,1563,564,849,107,1064,1,1,0
643,1033,861,125,469,156,1,0,0
644,946,565,236,89,99,0,1,0
645,1979,1309,576,122,219,0,0,1
646,1226,32,950,17,1937,1,1,0
647,1127,581,377,6,1200,1,1,0
648,1933,7,390,331,1243,0,0,0
649,13,94,400,201,129,1,1,0
650,303,241,41,363,851,0,1,0
651,866,905,874,257,1429,0,1,0
652,964,1343,123,288,1673,1,0,0
653,940,88,32,469,1055,1,1,0
654,1478,1282,922,287,67,1,0,1
655,529,1228,734,383,1262,1,0,1
656,1213,185,602,49,503,0,0,1
657,1566,56,38,177,329,0,1,0
658,1686,1005,825,314,249,0,0,1
659,1801,1408,112,259,390,0,1,0
660,1790,1457,491,234,1240,0,0,1
661,1486,535,180,122,1122,0,0,0
662,1616,792,282,430,1463,1,0,0
663,570,1269,733,54,1489,0,0,1
664,631,1142,82,258,438,1,1,0
665,1057,1025,70,347,137,1,0,0
666,1831,1058,399,346,768,0,1,0
667,1826,529,39,224,496,0,0,0
668,1082,413,37,371,477,1,1,0
669,1049,1258,294,10,1085,1,0,0
670,1675,685,416,413,1450,1,1,0
671,689,682,352,107,1526,0,1,0
672,1679,490,107,322,1253,0,1,0
673,1302,1014,475,140,599,1,0,0
674,1980,1000,701,283,1323,0,0,1
675,556,1048,731,315,1421,1,0,1
676,1020,468,202,201,979,1,0,0
677,229,720,163,137,591,1,1,0
678,798,1191,298,140,1169,1,1,0
679,1277,836,36,57,1180,1,0,0
680,1518,326,905,71,75,1,0,0
681,990,601,731,468,527,0,1,1
682,359,1449,374,381,358,1,0,0
683,360,820,395,244,817,0,0,0
684,749,120,112,323,370,1,1,0
685,321,1068,213,84,1014,1,0,0
686,1538,534,361,10,1163,0,0,0
687,1940,1299,431,455,425,1,1,0
688,1853,988,406,162,1591,0,1,0
689,1143,173,468,487,1671,1,0,0
690,771,1354,403,323,702,1,1,0
691,1384,913,25,360,334,0,1,0
692,15,1302,240,122,1595,1,1,0
693,390,840,285,171,967,1,1,0
694,1527,662,735,421,1623,0,0,1
695,277,1327,162,279,794,1,0,0
696,1110,1120,20,18,1222,1,1,0
697,12,1353,818,495,1601,1,0,1
698,109,960,436,486,1273,0,1,0
699,845,800,265,434,323,1,0,0
700,1777,229,613,149,1542,1,1,0
701,1048,697,783,89,1525,0,0,1
702,671,1302,213,151,997,1,0,0
703,32,60,618,78,1598,1,1,0
704,1647,1107,180,246,1670,0,1,0
705,1481,1105,382,224,3,1,1,0
706,0,749,307,197,310,1,1,0
707,1014,354,179,357,535,0,1,0
708,99,740,800,318,674,1,0,0
709,970,1108,817,418,942,1,1,1
710,1571,313,189,98,1016,0,0,0
711,1620,1343,931,39,1661,0,1,1
712,942,1245,910,407,310,0,1,1
713,315,755,278,303,1082,1,0,0
714,1286,1325,570,304,1768,1,1,0
715,1047,370,46,289,1725,1,1,0
716,311,809,465,464,1842,0,1,0
717,1621,1156,617,93,1620,1,1,0
718,972,740,407,479,1073,1,1,0
719,683,812,894,365,70,0,1,0
720,265,1472,430,277,1894,1,0,0
721,930,330,83,123,1457,0,0,0
722,1419,245,858,114,613,1,1,0
723,1462,455,375,46,994,0,0,0
724,122,1392,39,300,1945,0,0,1
725,445,472,437,387,1954,0,0,0
726,1849,1081,509,38,1211,1,0,1
727,921,436,367,160,1344,1,1,0
728,1647,1275,763,353,1030,0,1,1
729,1163,1415,593,343,982,0,0,1
730,937,102,841,370,69,0,0,1
731,1337,1082,138,24,1054,0,1,0
732,613,744,590,283,385,1,1,0
733,601,666,967,382,887,0,1,0
734,1136,1098,931,464,695,0,1,1
735,227,1106,21,456,891,0,1,1
736,1377,822,669,131,1537,0,1,0
737,368,430,836,125,1181,1,1,0
738,1947,1439,489,84,844,0,0,1
739,920,604,242,354,1745,0,1,0
740,1135,271,580,38,1558,0,1,0
741,128,291,891,483,377,1,0,1
742,789,622,414,121,415,1,0,0
743,934,917,829,164,77,1,0,0
744,468,905,891,381,1596,1,1,0
745,1461,1046,4,112,1421,1,1,0
746,219,1294,983,346,1541,0,1,1
747,45,367,903,46,1048,0,0,1
748,597,989,451,373,775,0,0,0
749,548,1150,611,70,115,0,0,1
750,1641,1083,15,121,424,1,1,0
751,22,1226,259,220,1182,1,1,0
752,667,821,757,495,896,1,0,1
753,495,330,390,166,1592,1,0,0
754,1068,427,994,442,1732,1,1,0
755,1854,378,722,230,632,1,0,0
756,91,1462,450,49,1704,1,1,0
757,82,261,130,235,1262,0,1,0
758,1232,204,757,210,1827,1,0,0
759,1637,603,714,441,1029,1,1,0
760,1991,192,507,214,986,1,0,0
761,33,762,104,486,1347,1,0,0
762,1620,1354,878,211,836,0,0,1
763,294,1229,153,130,925,0,1,0
764,419,192,550,338,1754,1,0,0
765,387,422,126,136,1385,0,1,0
766,1173,675,898,320,1439,1,0,0
767,1939,80,446,223,1040,1,0,0
768,698,1226,512,227,1563,1,1,0
769,375,173,944,358,826,0,0,1
770,535,1350,418,105,70,1,1,0
771,1512,276,265,392,539,0,0,0
772,72,844,467,223,588,1,1,0
773,763,65,172,9,1695,0,1,0
774,1007,1281,343,233,543,1,0,0
775,306,1477,46,242,342,0,0,1
776,257,109,610,214,83,1,1,0
777,130,305,496,83,157,0,1,0
778,1977,151,98,47,1342,1,1,0
779,394,1119,4,381,980,0,1,0
780,1680,427,562,67,79,0,1,0
781,1986,1391,880,463,625,0,0,1
782,447,388,807,18,917,0,1,0
783,1496,808,60,238,243,0,0,0
784,752,504,477,44,1385,0,0,0
785,1248,260,375,139,1677,0,0,0
786,81,1095,613,492,1479,1,0,1
787,1690,639,847,297,569,0,0,1
788,223,693,955,127,1755,0,0,1
789,1317,1185,101,136,945,0,1,0
790,513,626,822,183,1540,0,0,1
791,606,1458,468,351,1242,1,0,0
792,660,664,810,27,379,1,1,0
793,1130,882,55,106,1472,1,1,0
794,1402,312,220,174,855,1,0,0
795,187,1243,29,117,1276,0,1,0
796,200,641,275,172,1976,0,0,0
797,1680,64,422,227,1951,0,0,0
798,1186,461,721,448,465,1,0,1
799,925,1229,74,354,1530,0,1,0
800,917,730,932,223,1716,1,0,0
801,1799,503,963,167,842,1,0,0
802,92,509,517,95,738,0,0,1
803,643,438,922,75,622,0,0,1
804,690,1064,213,84,573,0,0,1
805,812,809,573,191,1666,0,0,1
806,1331,472,682,34,666,1,0,0
807,894,224,935,117,1580,0,1,0
808,397,1403,382,204,1809,1,1,0
809,756,1093,879,73,1203,1,1,0
810,1943,323,987,280,1527,1,0,0
811,1494,1183,888,23,1463,1,0,1
812,1072,775,66,499,956,0,0,1
813,1111,175,466,285,1889,0,0,0
814,1893,1022,899,333,1263,1,0,1
815,1089,1385,297,43,829,0,1,0
816,83,1460,209,421,255,0,1,1
817,1543,494,556,30,40,0,0,1
818,1418,447,607,303,1851,1,0,0
819,42,1428,468,486,397,0,0,1
820,1187,1254,738,329,730,1,0,1
821,1968,1179,117,251,973,1,0,0
822,1193,1253,560,459,1517,0,1,1
823,611,940,623,290,1076,1,1,0
824,1661,1345,149,448,481,1,1,0
825,1150,238,81,319,50,0,1,0
826,564,938,535,359,1998,0,0,1
827,63,1445,0,358,387,0,1,0
828,1485,427,380,193,1787,0,0,0
829,713,538,122,417,399,0,0,1
830,1518,1272,599,390,738,0,0,1
831,1483,907,886,338,1415,1,1,0
832,960,1313,265,440,1821,0,0,1
833,968,778,288,461,1626,1,1,0
834,1236,595,785,263,333,1,1,0
835,1408,0,623,295,634,0,0,1
836,757,1167,287,291,856,0,1,0
837,1744,330,459,346,430,0,0,0
838,583,1438,734,177,1326,0,1,1
839,165,89,113,464,1652,1,0,0
840,522,476,836,500,1100,0,0,1
841,1732,661,495,69,1920,0,1,0
842,1283,371,282,345,877,1,1,0
843,1672,1494,941,39,196,1,0,1
844,84,1313,670,344,1503,1,0,1
845,855,951,98,14,1835,0,0,0
846,1078,166,250,378,640,0,0,0
847,714,678,337,187,1081,0,1,0
848,337,920,51,234,1467,1,0,0
849,715,727,824,82,621,1,0,0
850,173,262,176,70,1390,0,0,0
851,500,944,440,153,1662,0,1,0
852,704,384,472,158,1998,1,1,0
853,372,362,212,363,1253,1,1,0
854,524,406,272,328,277,1,0,0
855,26,521,657,285,542,1,1,0
856,1305,883,659,388,1419,1,0,0
857,806,1006,135,207,36,1,0,0
858,1209,650,701,350,1554,0,1,0
859,390,294,509,353,1333,1,0,0
860,65,1178,266,190,480,1,0,0
861,1328,1489,149,310,927,1,0,0
862,1076,1412,771,349,125,0,0,1
863,1564,730,819,36,1058,1,1,0
864,98,29,7,98,387,0,0,0
865,1564,1435,594,466,882,1,0,1
866,1386,337,363,320,1049,1,0,0
867,1969,317,182,450,220,0,0,1
868,242,1314,602,280,1818,1,0,1
869,618,393,443,353,40,0,1,0
870,1995,644,466,361,275,1,0,0
871,55,859,808,184,791,1,1,0
872,1085,798,73,97,86,1,0,0
873,986,1116,641,228,1978,0,1,1
874,1408,1385,294,378,1246,0,0,1
875,1517,607,230,220,1233,0,0,0
876,711,1152,42,123,1404,0,1,0
877,1672,688,420,403,689,0,1,0
878,844,614,24,111,1529,0,1,0
879,1092,1051,185,356,1645,1,1,0
880,958,195,138,312,706,1,0,0
881,1293,777,593,199,1608,1,0,0
882,971,730,950,491,736,0,1,1
883,1535,795,978,325,1789,1,1,0
884,1120,909,708,456,1894,0,0,1
885,1969,512,449,388,132,1,1,0
886,157,927,899,338,80,0,0,1
887,768,782,315,421,313,1,1,0
888,686,457,293,267,1110,0,1,0
889,8,837,381,357,614,1,0,0
890,26,1441,168,399,866,0,0,1
891,1800,963,598,251,1406,1,1,0
892,1548,1078,587,4,1930,0,1,1
893,1411,1162,284,306,1696,1,0,0
894,909,574,749,284,1018,1,1,0
895,413,958,871,111,1111,1,1,0
896,767,149,137,74,1110,0,1,0
897,1530,576,937,93,419,0,1,0
898,279,286,750,96,729,1,0,0
899,1813,669,210,65,349,1,0,0
900,1201,44,52,203,257,0,0,0
901,1646,915,895,111,1638,1,0,0
902,1058,270,790,157,220,1,1,0
903,253,1272,531,325,1000,1,0,1
904,1569,1142,672,264,1363,1,1,0
905,249,360,674,349,1884,0,0,1
906,1740,212,143,323,920,1,0,0
907,833,494,439,308,254,1,1,0
908,1456,128,334,163,1357,1,0,0
909,1446,833,406,437,1712,1,1,0
910,1569,590,355,388,1397,0,0,0
911,1937,60,568,162,1508,0,0,1
912,1509,307,601,435,591,1,1,0
913,1349,937,587,369,1508,1,1,0
914,1156,408,925,459,717,1,0,1
915,1417,692,558,416,97,1,1,0
916,23,1303,969,177,77,1,0,1
917,1897,1174,486,421,1054,1,0,1
918,1845,611,875,212,1854,0,1,0
919,900,1483,562,357,562,0,1,1
920,1928,398,633,481,1940,0,1,1
921,170,1046,530,82,1599,1,1,0
922,1053,1345,959,186,697,1,1,0
923,900,1449,456,391,384,1,1,0
924,622,699,491,10,1653,1,0,0
925,213,722,830,241,1444,0,0,1
926,226,1143,202,313,1622,0,0,1
927,1744,554,618,463,1239,0,1,1
928,451,1352,974,449,116,1,0,1
929,1166,129,83,451,809,0,1,0
930,1298,1451,724,182,769,0,1,1
931,1526,708,887,316,147,0,0,1
932,1514,28,103,331,1796,0,0,0
933,901,1062,203,330,26,0,0,1
934,201,1428,88,146,1246,0,0,1
935,1228,339,183,251,4,1,1,0
936,199,1139,721,480,1428,0,0,1
937,1694,1141,344,159,143,1,1,0
938,10,1064,200,57,1457,1,1,0
939,801,1029,484,48,358,1,0,0
940,26,303,761,138,74,1,1,0
941,377,1402,514,362,1276,0,1,1
942,675,823,378,495,1164,1,1,0
943,1289,571,182,398,159,1,1,0
944,1505,999,827,121,442,1,0,0
945,1370,702,529,172,1769,1,0,0
946,1375,589,345,431,120,1,0,0
947,1296,1461,357,133,1105,0,1,0
948,754,1068,589,237,1,1,1,1
949,1791,1476,111,385,832,1,1,0
950,195,405,709,211,935,1,1,0
951,1167,837,273,0,315,1,1,0
952,348,84,590,479,1866,1,0,1
953,1074,1249,892,212,384,1,1,0
954,588,1223,886,384,1707,0,0,1
955,246,708,969,355,1017,0,0,1
956,1576,209,732,14,1634,1,1,0
957,104,1366,939,238,548,0,1,1
958,1670,1123,354,76,1429,1,1,0
959,1847,249,548,446,625,0,0,1
960,661,633,835,68,1070,0,0,1
961,67,449,783,335,1537,0,0,1
962,936,71,708,219,151,1,1,0
963,1604,841,813,183,1184,0,0,1
964,15,155,853,470,276,1,0,1
965,651,138,456,264,228,1,1,0
966,1383,1332,666,170,501,0,1,1
967,872,456,58,335,311,0,1,0
968,40,221,580,491,259,1,1,0
969,1212,79,558,200,774,1,0,0
970,1159,360,855,236,891,1,0,0
971,1395,1325,378,471,1791,1,0,1
972,1402,898,535,239,39,0,0,1
973,954,353,694,58,876,0,0,1
974,866,809,836,152,1503,1,1,0
975,207,1076,111,110,1704,0,1,0
976,1093,1403,3,425,1462,0,1,1
977,1070,860,563,301,556,1,0,0
978,922,1322,367,344,633,0,0,1
979,629,101,189,406,1514,0,0,1
980,29,174,176,428,1245,1,1,0
981,833,394,752,323,1251,0,0,1
982,501,748,282,352,994,0,0,0
983,969,299,85,495,1700,1,1,0
984,144,1246,342,467,1946,0,0,1
985,1679,22,420,470,160,0,1,0
986,1314,237,460,327,1595,1,0,0
987,1479,263,857,235,940,1,0,0
988,1569,1359,604,198,1305,0,1,1
989,1031,204,666,371,1774,1,0,0
990,1335,166,333,50,135,0,1,0
991,1481,1377,236,488,1669,1,1,0
992,686,666,707,129,169,1,0,0
993,1594,913,699,433,46,0,0,1
994,619,987,932,420,944,1,0,1
995,1757,1202,854,163,21,0,0,1
996,1454,1398,480,9,1749,0,1,0
997,1350,63,557,376,635,1,0,0
998,1034,84,168,459,1796,1,1,0
999,482,183,466,395,462,0,0,0
1000,1545,986,788,68,1157,0,1,0
